car_make,car_model,model_year,vin,color
Mitsubishi,Outlander,2011,WBAEV33453K542952,Indigo
Pontiac,Sunfire,2001,SCFAD06D99G713780,Maroon
Pontiac,Grand Am,1994,WBA6B8C59ED852919,Red
Chrysler,Town & Country,2008,1GD422CGXEF757763,Violet
Isuzu,Trooper,1999,3GTU2YEJ6CG150061,Red
Acura,NSX,2002,WA1DGBFP6DA002021,Orange
Oldsmobile,Cutlass Supreme,1997,5TFCW5F1XBX807662,Red
Ford,F-Series,1995,WAUDF98E55A083878,Red
Saab,900,1998,1C3ADEAZXDV389424,Indigo
Land Rover,LR3,2008,WBANE53507B229964,Pink
Audi,V8,1994,WVWAN7ANXDE961674,Mauv
Isuzu,Stylus,1993,1VWAH7A39EC443135,Purple
Dodge,Ramcharger,1993,WAUSH78E07A410079,Yellow
Aston Martin,DBS,2008,WAUFMBFC7EN209268,Pink
Ford,Fusion,2010,2HNYD2H83DH124143,Violet
GMC,Yukon XL 2500,2000,WBASP0C59DC993432,Khaki
Chevrolet,Silverado 2500,2001,5FNYF3H49FB849936,Indigo
Nissan,350Z Roadster,2006,2FMDK3GC6BB892908,Fuscia
BMW,5 Series,2005,1D7RE3GKXAS655375,Purple
Infiniti,Q,2003,1GKS2GEJ8CR814575,Mauv
Acura,Integra,1994,SCBBP9ZA9DC746619,Green
Jeep,Wrangler,2011,W04GN5EC1B1139707,Teal
Chevrolet,Classic,2004,3VW507AT2EM217168,Green
Buick,LeSabre,1988,KNADH5A36B6936606,Indigo
Volkswagen,Cabriolet,1985,5GAER13758J067209,Puce
Acura,Integra,2000,WA1WMBFEXFD296010,Violet
Maserati,Quattroporte,1984,3GYFK62808G300200,Orange
Mazda,Millenia,1995,5UXFA53503L705717,Puce
Hyundai,Tiburon,2001,2B3CK5CT1AH308979,Red
Toyota,RAV4,1998,JTEBU5JR1A5168723,Mauv
Ford,Mustang,1986,JN8AF5MR7FT118437,Fuscia
GMC,3500 Club Coupe,1994,WVWAN7AN8DE711639,Khaki
Mitsubishi,Mighty Max,1992,JTDJTUD32ED218965,Aquamarine
Toyota,Camry Solara,2007,1N4AB7AP4DN500857,Puce
Mercedes-Benz,CL-Class,2007,WVGAV7AX0CW430666,Khaki
Dodge,Dynasty,1993,JN1AY1AR9DM349627,Blue
Buick,Skyhawk,1988,5YMGY0C5XD0395641,Aquamarine
BMW,X6,2010,WAURV78T38A377375,Maroon
Audi,A8,2011,5FPYK1F51EB905840,Turquoise
Ford,F150,1993,JN8AF5MR5BT143315,Pink
Eagle,Summit,1996,WAUEF98E18A343024,Violet
Ford,Explorer Sport Trac,2005,JH4DC53873C031285,Blue
Oldsmobile,Intrigue,2002,1FTWF3D51AE034238,Yellow
Saturn,S-Series,1998,SCFAB223X3K445793,Green
Mercedes-Benz,S-Class,2007,3C63D3FL3CG823596,Puce
GMC,1500,1998,KL4CJHSB7DB511121,Teal
Chevrolet,Lumina,1999,JTDKTUD33DD479749,Fuscia
Chevrolet,Corvette,2001,1D4PT4GX5BW355667,Goldenrod
Suzuki,SJ 410,1984,3VWKP7AJ7DM173700,Mauv
Ford,Laser,1988,3GYFK52269G458077,Green
Dodge,Ram 3500,2005,JTDKDTB38C1608577,Crimson
Buick,LeSabre,1994,SCFEBBAK7BG656039,Aquamarine
Hyundai,Accent,1996,WDDHF0EB6EA508864,Green
Kia,Spectra,2004,JTHFE2C27D2000557,Yellow
Lotus,Esprit,2002,3C6TD5ET8CG965536,Blue
Oldsmobile,Intrigue,2001,5TDBY5G19FS453536,Crimson
Dodge,Ram 50,1992,JM3ER2W34A0147469,Indigo
Nissan,Murano,2012,1D7RB1CP2AS005941,Pink
Volkswagen,Jetta III,1995,JM1NC2MFXD0858198,Teal
Hyundai,Sonata,2008,SAJWA6A79F8756329,Turquoise
Mercedes-Benz,SLK-Class,2012,WDDEJ7EB4DA085615,Mauv
Mazda,B-Series Plus,2000,JN1AZ4EH1DM261896,Goldenrod
Suzuki,Daewoo Magnus,2004,WA1YD64B13N000368,Crimson
GMC,Vandura G3500,1995,1G6AF5SX4D0362173,Puce
Chevrolet,Cobalt SS,2009,1GYS4KEF6BR627848,Fuscia
Infiniti,Q,1993,TRUXD38J891534877,Turquoise
Honda,Prelude,1986,WA1VGBFPXEA247071,Aquamarine
Chevrolet,Impala,1996,WDCYC3HF1BX098965,Turquoise
Maserati,Quattroporte,1985,SCFEDEAN4CG600583,Puce
Dodge,Aspen,1976,WBAWR33569P387910,Violet
Ferrari,599 GTB Fiorano,2010,1N4AB7AP0DN727138,Khaki
Suzuki,Daewoo Magnus,2005,19XFB4F37EE859467,Purple
Ford,Windstar,2001,3N1CN7AP4DL758129,Orange
GMC,3500 Club Coupe,1992,WDDDJ7CB9AA284492,Indigo
Volvo,S60,2006,2HKRM3H37FH406509,Fuscia
Mercedes-Benz,S-Class,2012,1G6AY5S38E0404336,Puce
Buick,LeSabre,1987,WBANV93599C823568,Turquoise
Chrysler,Sebring,1997,1G6DF577980145519,Teal
Ford,Thunderbird,1980,5UXWX9C58F0125353,Turquoise
Toyota,Tacoma,2007,WDCYC3HF3DX274837,Crimson
Maybach,57,2009,2T1BURHE9FC854243,Fuscia
Chevrolet,G-Series 3500,1998,WBADS43421G919330,Indigo
Volkswagen,New Beetle,2003,1D7RE5GK2AS344986,Maroon
Ford,Crown Victoria,2008,WBANU53509C203400,Orange
Lexus,RX,2008,WAUKF78E58A521489,Goldenrod
Mercury,Mountaineer,2008,JTHBE1D20F5026068,Red
Infiniti,EX,2011,JN8AE2KP6C9951464,Green
Chevrolet,HHR Panel,2006,WA1VMAFE4BD281230,Pink
Nissan,Xterra,2002,2B3CK5CT1AH503951,Maroon
Suzuki,Reno,2005,4JGDF2EE6DA512342,Puce
Dodge,Ram Van B250,1993,1C4SDHCT1DC009120,Fuscia
Volkswagen,Jetta,1988,1GD312CG1CF899592,Goldenrod
Maybach,62,2006,W04GU5GC1B1085907,Red
Chevrolet,Monte Carlo,2003,1G6AB1RX3F0356443,Teal
Porsche,Boxster,2013,WAUJC58E55A292171,Fuscia
Mazda,Protege5,2003,JHMZE2H37DS620209,Mauv
Geo,Prizm,1997,WAUHFBFL2DN854301,Puce
Chrysler,New Yorker,1996,19UUA8F31DA965112,Pink
Kia,Carens,2007,5J6TF2H55EL949986,Green
Land Rover,Freelander,2003,JH4DC54864S298648,Puce
Dodge,Dynasty,1992,WBSWL935X8P042779,Fuscia
Ford,Excursion,2001,1N6AF0KY3EN220245,Purple
Volkswagen,Golf,1986,WBAPK5C54BA678600,Fuscia
Cadillac,Fleetwood,1996,WAUJT58EX2A744241,Purple
GMC,Savana 1500,2010,1N6AF0KY7FN669302,Blue
Jeep,Wrangler,2000,3VW467AT0DM511385,Khaki
Infiniti,I,2002,WAUDF48H37A174762,Teal
Chevrolet,Suburban 1500,1995,3FAHP0KC6AR611633,Teal
GMC,Sierra 2500,2008,WAUBVAFB9AN743489,Fuscia
Dodge,Viper,2005,WA1VGBFPXEA735467,Pink
Pontiac,Sunbird,1992,WAUTFAFH2AN606349,Green
Ford,F150,1999,TRUUT28N551241743,Orange
Dodge,Grand Caravan,1992,1G6KD54Y83U868130,Indigo
Toyota,Camry,2010,3FA6P0PUXER230303,Orange
Maserati,Karif,1990,3LN6L2LU5FR389539,Pink
Land Rover,Freelander,2010,WVGEF9BP8DD990179,Khaki
Chevrolet,Corvette,2000,JTHBC1KS0A5762929,Green
Mazda,MX-6,1989,WAUGN74F87N370744,Teal
Suzuki,Sidekick,1995,3N1AB6AP0BL583871,Violet
Saab,9-5,2006,1GYS3AEF6BR749445,Teal
Hummer,H2,2006,3C63D3NLXCG167544,Blue
Toyota,Corolla,1995,JTHBP5C2XE5970557,Aquamarine
Nissan,Murano,2004,JM1NC2JF1F0251999,Teal
Mercury,Grand Marquis,2011,5FNYF3H29BB787382,Yellow
Mitsubishi,Lancer Evolution,2006,1FMCU0C70AK149081,Violet
Chrysler,Voyager,2001,SCFHDDAJ7BA859249,Pink
Mitsubishi,GTO,1995,1G6KE57Y23U334274,Purple
Porsche,911,2001,2G4GR5ECXB9870914,Khaki
Toyota,Avalon,2002,5BZAF0AA9FN259222,Purple
Jaguar,S-Type,2005,2T1BU4EE1DC603141,Goldenrod
Chevrolet,Beretta,1994,JHMZE2H72ES344171,Khaki
Cadillac,Fleetwood,1994,1N6AA0CH5DN509848,Red
GMC,Sonoma,2000,JHMZE2H56ES854442,Yellow
Mercedes-Benz,SLK-Class,2008,5NPDH4AE3EH459173,Blue
Maserati,Spyder,1990,WBADN63431G638656,Fuscia
Chrysler,300C,2005,WBAFR7C57DD967152,Aquamarine
Saab,9-3,2004,WAUWGBFC5EN264440,Khaki
Volkswagen,Eurovan,1993,WBAGL63444D242714,Violet
Chevrolet,G-Series 2500,1997,5GADS13S272320600,Purple
Buick,Electra,1990,WAUAH78E16A692078,Puce
Ford,Flex,2012,3C4PDDEG1CT224191,Yellow
GMC,Envoy,1999,KMHGH4JH0FU310343,Blue
Toyota,RAV4,2001,1GYS4HEF3DR307179,Khaki
Mercury,Grand Marquis,2004,1GD312CG6CF420678,Blue
Mitsubishi,Truck,1986,3N1AB7AP5FL686392,Orange
Honda,Fit,2011,JTHBB1BA2B2232927,Red
MINI,MINI,2002,1FMEU5DEXAU341275,Fuscia
Mazda,B-Series Plus,2001,1FMCU4K35AK275278,Orange
Ford,LTD Crown Victoria,1989,WBAKC6C55AC311849,Maroon
Honda,Fit,2010,WBANE73507B164030,Indigo
Toyota,RAV4,2008,5N1AR2MM2DC071350,Red
Ford,Thunderbird,2005,19UUA8F58EA935110,Blue
Dodge,Journey,2011,TRUSC28N421098514,Purple
Dodge,Caravan,2005,WBAFU9C5XDD842379,Green
Hyundai,Elantra,1997,4T1BK3DB4CU109957,Green
Toyota,Cressida,1992,1G6AA5RX8F0392297,Crimson
Dodge,Viper,1996,JN8AF5MR6DT372346,Khaki
Ford,Mustang,1971,1C6RD7FP8CS125935,Turquoise
Mazda,RX-8,2007,WBAEN33474P420064,Yellow
Mercedes-Benz,300CE,1992,WAUSF78K59A785853,Puce
Austin,Mini Cooper S,1963,JN1CV6EKXFM483996,Teal
Volvo,S60,2011,1GKS1GEJXCR475059,Yellow
Saab,900,1991,KNADM4A30F6181240,Aquamarine
Pontiac,Vibe,2009,1N6AA0CC9CN914145,Orange
Jeep,Wrangler,2011,ZFBCFABH2EZ868690,Purple
Mercedes-Benz,500SL,1993,JTHFF2C22F2660389,Red
Chevrolet,1500,1993,SCFAD01A87G159240,Violet
Audi,A8,1999,SAJWJ1CD4F8822470,Green
Mitsubishi,Lancer,2006,4A31K3DT8BE981198,Goldenrod
Toyota,FJ Cruiser,2008,1N4AB7AP5EN580526,Aquamarine
Audi,A4,2000,WBAKE5C54CE700929,Maroon
Ford,Expedition,2002,JTJHY7AX8D4370558,Pink
Mazda,Miata MX-5,1997,5TFCW5F11BX004707,Orange
Mazda,B-Series Plus,1999,WBAGG83471D880225,Crimson
Suzuki,Grand Vitara,2010,1GYUCHEF9AR508723,Pink
Suzuki,SJ,1995,JH4DC53852C560684,Indigo
Dodge,Ram 3500,2006,1N4AL2AP2AN694445,Teal
Suzuki,Sidekick,1997,3VW4A7AT3DM222290,Yellow
Dodge,Neon,1997,JM1BL1L3XD1497120,Aquamarine
Dodge,Viper,2000,1C4RDHDG4CC854350,Goldenrod
Chevrolet,Corvette,1967,4T1BK1EBXEU295364,Maroon
Honda,del Sol,1993,1FTEX1CM7DF482388,Khaki
Hummer,H2,2003,WBAEB53599C983807,Blue
Mercury,Marauder,2003,1G6KF54932U208224,Red
Chevrolet,Astro,2001,1N6AD0CW4EN078992,Green
Dodge,Dakota Club,2007,WAULFAFHXDN168734,Violet
Pontiac,Grand Am,1993,JTEBU5JR1F5976044,Mauv
Mercury,Capri,1984,1FMEU6EE5AU481903,Teal
GMC,Savana 3500,2003,WAURVAFD0BN275685,Aquamarine
Lexus,IS,2007,SCBZB25E52C822007,Fuscia
Chevrolet,G-Series G10,1994,WAUFFAFL6AA909675,Green
BMW,750,2006,5GAKVBKD0DJ543372,Goldenrod
GMC,Envoy XUV,2005,SCFBF03B38G846650,Goldenrod
Acura,Integra,1999,1GYS4DEF5ER911634,Yellow
Mercury,Topaz,1992,YV1902AH6B1900626,Crimson
Oldsmobile,Toronado,1992,2G4GT5GX3E9819681,Mauv
Ford,LTD Crown Victoria,1986,WBAUP7C59CV299599,Orange
Chevrolet,Monte Carlo,2004,4A31K2DF4CE040644,Puce
Ford,Country,1967,JN8AZ1MU5CW136899,Turquoise
Ford,Thunderbird,1965,1GYUCCEF4AR167167,Fuscia
GMC,2500,1995,JH4DC53004S939059,Pink
Ford,Festiva,1992,2C3CCAEG8EH983002,Mauv
Subaru,Brat,1987,WAULC68EX4A293894,Fuscia
Mazda,Miata MX-5,2002,1GD21ZCG0BZ250433,Violet
Audi,S8,2003,1N6AD0CUXCN807914,Khaki
Pontiac,Grand Prix,2008,WAUSH78E27A879934,Goldenrod
Scion,xB,2005,WBABW53464P771074,Red
Eagle,Talon,1995,YV140MAK1F1861242,Green
Chevrolet,Corvette,1960,1G6DA5E53C0929543,Mauv
Suzuki,Swift,1997,WA1CMAFE6DD283880,Red
Volvo,XC90,2004,1FTEW1CF4FK172682,Red
Chevrolet,Impala,2009,3C63D3EL2CG864285,Puce
Scion,xD,2010,1FTMF1C88AK876907,Violet
Dodge,Daytona,1993,4T1BF1FKXDU385986,Khaki
BMW,Z3,1996,WAUVC68E25A187045,Violet
Audi,RS 4,2007,1G6AE5S3XD0381682,Turquoise
GMC,Yukon XL 1500,2009,3D4PG4FB1BT559916,Pink
Ford,Bronco II,1986,WAUCFAFH4DN850542,Puce
Ford,Laser,1988,WBALZ3C59CC153956,Mauv
Mazda,MX-5,1997,1G6DL5EG7A0030306,Teal
Ford,Aerostar,1996,SALAF2D41AA648222,Purple
Buick,Century,1989,WA1KK98R39A922189,Teal
Mazda,B-Series,1995,SCFFDAAE1CG723366,Crimson
BMW,X5,2009,SCFEDEAN4CG896270,Khaki
Ford,Bronco,1994,WA1YD54B42N575069,Purple
Scion,xD,2012,JTHKD5BH9C2846941,Puce
Nissan,Sentra,2001,KNDMG4C31A6469090,Violet
Acura,CL,1999,JH4CU2F82CC267474,Crimson
Infiniti,J,1994,JTEBU5JR1F5840044,Puce
Dodge,Avenger,2009,SCBCR7ZA0AC733739,Pink
Chrysler,Town & Country,1995,3VW467AT1CM509773,Orange
Volkswagen,GTI,1999,4T1BF3EKXAU388072,Khaki
Scion,xD,2012,3D73Y3CL9AG512078,Fuscia
Chevrolet,Express 3500,2012,3VW507AT3FM105934,Goldenrod
Chevrolet,Cavalier,1995,3D4PG1FG1BT635936,Green
Ford,F150,1998,WBAUP9C57BV815095,Indigo
Volvo,XC70,2003,WAULF78K59N732468,Yellow
Saab,9000,1993,4T1BK1EB5FU066043,Red
Volkswagen,GTI,2004,1G6DW67V290827065,Indigo
Ferrari,F430,2008,WBAYF4C55ED806218,Orange
BMW,3 Series,2002,1G6DH8E51D0211567,Green
Dodge,Ramcharger,1992,WBSKG9C51BE645061,Khaki
Jeep,Wrangler,1997,SCFEBBBK5DG129182,Red
GMC,Jimmy,2001,2C4RRGAGXDR589104,Pink
Jeep,Grand Cherokee,2009,WBANV93519C037182,Indigo
Dodge,Ram 2500,2008,WVWGU7AN2CE773744,Teal
Honda,Civic,1988,WAUNF78P98A322198,Fuscia
Dodge,Durango,2008,1G6KD57Y46U332730,Indigo
Chrysler,300,2007,YV4940BZ5D1437884,Purple
Maserati,Biturbo,1985,WBA6A0C59FD969499,Mauv
Volkswagen,New Beetle,2002,WAUBVAFB2BN242512,Violet
Subaru,Forester,2006,5J6TF1H5XDL832445,Aquamarine
Volkswagen,Golf,1986,1GYFK66878R687323,Turquoise
Honda,Prelude,1994,1N6AA0CC4AN102636,Red
Lincoln,Continental,1997,1G6KD57Y12U575213,Blue
Mitsubishi,Diamante,1996,5N1AA0NC9BN306457,Mauv
Toyota,Highlander,2008,1D7RW2BK1BS241806,Indigo
Porsche,928,1989,1VWAH7A33DC526462,Red
Chevrolet,Corsica,1994,1G4HP54K254142353,Violet
Subaru,Legacy,1998,WA1CM74L39D188169,Pink
Chevrolet,Equinox,2008,1D4RD4GG6BC851150,Red
Hyundai,Elantra,2004,JH4KA96613C312481,Khaki
Ford,Econoline E250,1998,WBAXA5C50ED316320,Maroon
Acura,TL,2010,2T1BURHE1FC646793,Fuscia
Toyota,Highlander,2012,2C3CDXJG7DH460705,Pink
Ford,Taurus X,2009,5FPYK1F29AB626538,Teal
Kia,Rio,2007,1G6AV5S8XE0031188,Green
Pontiac,Firebird,1988,2HNYD18674H878039,Khaki
Ford,Explorer Sport Trac,2007,WAUBC48H16K798603,Purple
Honda,Prelude,1996,WDDGF4HB0DF523358,Green
Cadillac,Seville,2001,WBAXH5C56CC793526,Goldenrod
Plymouth,Roadrunner,1969,5TDBKRFH3ES157790,Teal
Volkswagen,Type 2,1988,3FA6P0SUXFR815228,Pink
Audi,100,1992,WA1YD64B55N190985,Purple
Acura,TSX,2005,WDDGF4HB0ER523151,Blue
Chrysler,Town & Country,2007,1G6DD1E30E0719158,Fuscia
Volkswagen,Eurovan,2002,WBA6A0C52ED210708,Indigo
Mitsubishi,Montero,2003,WP0AA2A94AS923680,Aquamarine
Plymouth,Grand Voyager,2000,WBALM7C58EJ096346,Puce
Honda,Ridgeline,2010,4T1BF3EK7BU990090,Fuscia
Chevrolet,Monte Carlo,1997,WVWAA7AHXAV921743,Aquamarine
Subaru,Forester,1998,1FTSW2B59AE659787,Violet
Mitsubishi,Galant,2000,WBAWC33528P768797,Orange
Nissan,Frontier,2008,WVGFG9BP7BD363097,Goldenrod
Lexus,LS,1995,1GYUKGEF1AR686218,Indigo
Chrysler,LHS,2000,1G6AZ5SX3E0735826,Red
Chrysler,Cirrus,2000,WBA3N5C57EK229657,Turquoise
Toyota,T100 Xtra,1996,WBA3B5C54FF179240,Green
Suzuki,Cultus,1985,WAUJT68EX5A107814,Yellow
Acura,MDX,2001,SCFEDCAD7BG291265,Turquoise
Lexus,IS,2005,JTHBW1GG2E1502136,Yellow
Infiniti,EX,2008,1G6DC8EY1B0494638,Crimson
Volvo,XC90,2005,WBAYA8C52FD153063,Orange
Toyota,Land Cruiser,2007,WA1LFBFP3EA485919,Blue
Cadillac,Eldorado,1997,19UYA42561A389062,Khaki
BMW,Z4,2006,1G6DP577850496317,Teal
Toyota,TundraMax,2012,WAUSH78E97A154055,Khaki
Kia,Sportage,1997,WA1CV94L19D312464,Pink
Pontiac,Grand Prix,1992,3VWML7AJ5EM889453,Blue
Toyota,4Runner,1995,WDCGG0EBXEG210408,Pink
Mercury,Grand Marquis,2003,1G6DV1EP7B0007533,Indigo
Ford,Ranger,2001,1D7RE3GK9BS964921,Red
Lincoln,Town Car,1998,SCBZB25E21C761603,Orange
Oldsmobile,Achieva,1992,WAUHF98PX7A811071,Puce
Mercedes-Benz,S-Class,2005,1GYS4BEF9CR099045,Aquamarine
Volkswagen,GTI,2012,1G4GA5GR5FF823845,Goldenrod
Plymouth,Sundance,1992,WBABD334X4J268497,Goldenrod
Ford,Mustang,1989,JH4DC53844S904305,Purple
Subaru,Loyale,1992,WAUDH94F46N242957,Khaki
Hyundai,XG350,2005,WVWED7AJXBW153611,Blue
Subaru,XT,1989,5FRYD3H87FB102469,Mauv
Chrysler,LHS,1999,WP0CB2A87CS662643,Goldenrod
Volkswagen,Eos,2009,1FTEW1C86FK141984,Indigo
GMC,Savana 2500,2002,WBAAV53401J181059,Aquamarine
Nissan,Xterra,2010,1N6AF0KX3FN086653,Orange
Lincoln,Navigator L,2008,3G5DB03E55S509205,Puce
Toyota,Sienna,2003,WAUDFAFL4DN506671,Crimson
Chevrolet,Avalanche 1500,2004,2C3CCAEG2DH822658,Khaki
Subaru,Impreza,1999,WAUBG78EX6A203331,Purple
Aston Martin,V12 Vantage,2011,1GYS4CEFXBR854403,Turquoise
Mercury,Tracer,1993,WBA1J7C52FV828268,Pink
Lincoln,Town Car,1987,JA32U1FU4DU487441,Teal
Hyundai,Tiburon,2007,5GAKRCED0BJ024390,Indigo
Mercedes-Benz,CLK-Class,2005,TRUXD38J491466965,Orange
Infiniti,Q,2000,SALVN2BGXDH524673,Mauv
Oldsmobile,88,1992,1C3CDZEG3CN969668,Aquamarine
Chevrolet,Suburban 2500,1996,JM1GJ1U53F1847248,Red
Toyota,Camry,1997,WAUAH94FX8N766281,Teal
Chrysler,Aspen,2009,KM8JT3AB2BU884320,Maroon
Audi,A8,2001,JTHFN2EY8A9360263,Aquamarine
Ford,Expedition,2005,WBAEU334X2K966855,Purple
GMC,Envoy XL,2006,WAUML44E44N099384,Pink
Porsche,911,2001,1G6AC5S30E0275507,Teal
Chevrolet,Tahoe,2006,3C63D3ML6CG951060,Puce
Maserati,Quattroporte,2011,WVWED7AJXDW347977,Mauv
Ford,Taurus,2004,1FMJK1G59DE253180,Violet
GMC,1500,1997,WAUSF78E67A326239,Turquoise
Lamborghini,Diablo,2000,WAUDGAFLXDA906349,Pink
Pontiac,Torrent,2009,JTEBU5JR8A5478741,Khaki
Aston Martin,Vantage,2008,1G4PP5SK7C4154106,Green
Chevrolet,Express 2500,2001,WAUGF78K79A072152,Green
BMW,M3,2004,SCFFDCBD7AG826242,Goldenrod
Mazda,626,1991,WAUHFAFL3FN638907,Purple
Scion,xD,2010,JN1AZ4EH9EM468232,Purple
Suzuki,Swift,1993,KMHTC6ADXDU637500,Goldenrod
Jaguar,S-Type,2000,WBXPC9C44AW389378,Teal
Dodge,Ram Van 1500,1999,1G6DD1E39E0201694,Red
Hyundai,Genesis,2011,KMHTC6AD4FU901801,Red
Toyota,Tundra,2009,1HGCP2E8XAA729171,Khaki
Ford,F350,2003,JTDKDTB32F1640185,Orange
Volvo,S40,2001,1FTEX1CM2CF219515,Mauv
Lexus,RX,2001,2C3CDZBT2FH932528,Crimson
Volkswagen,Jetta,2011,3GYFNCEY8BS928091,Violet
Mazda,626,2000,JN8AZ1MU0CW242421,Purple
Ford,Mustang,2005,1N6AD0CU7DN507569,Pink
Buick,Skyhawk,1985,SCFEFBACXAG294140,Yellow
Subaru,Loyale,1991,WAUBFCFL9CA484983,Mauv
GMC,Jimmy,2000,JN1CV6AP9CM937300,Blue
Mercedes-Benz,CLK-Class,2006,WAUEFBFL2EN130421,Khaki
Mercury,Cougar,1984,5FPYK1F26EB998859,Orange
Buick,LeSabre,1987,WA1VMAFE3CD601350,Green
Chevrolet,Equinox,2011,2B3CA5CT3AH948310,Blue
Dodge,Ram 1500 Club,2000,WAUDFAFC4CN291971,Pink
Chevrolet,Silverado 2500,2012,JM3TB2BV9E0374097,Khaki
GMC,Sierra 3500,2007,WAUKG94F76N490498,Teal
Ford,Mustang,1987,3FADP4AJ1CM223196,Red
GMC,Savana 2500,1996,1FTWF3B54AE198828,Maroon
Buick,Coachbuilder,1990,WBAVA33528F605090,Pink
Mazda,MX-5,2009,JH4KA96653C233461,Maroon
Pontiac,Firebird,1967,WAUPN44E97N072712,Indigo
GMC,Sonoma,2002,1C4RDHDG9CC515468,Maroon
Buick,Rendezvous,2006,JA4AP3AU6BZ790528,Fuscia
Pontiac,Gemini,1987,1G6DD8E32E0609219,Turquoise
Maserati,Quattroporte,1984,1N4AB7AP7DN623231,Puce
Volvo,S60,2003,WA1CMAFE3DD547802,Aquamarine
Ford,E250,2005,JN8AZ2KR4CT937670,Turquoise
Mercury,Mountaineer,2004,WBA5B3C59ED688683,Pink
Dodge,Caravan,1996,WBAYB6C59FD856743,Yellow
Ford,Crown Victoria,2006,WBA3B3C56DJ588029,Violet
Mazda,Protege,1997,WBA3A9G58EN392796,Mauv
Buick,Rendezvous,2002,19XFA1E87AE459935,Maroon
Jeep,Compass,2011,KMHGN4JE3FU530218,Teal
Geo,Metro,1995,WBA3D5C53EF141040,Red
Audi,A3,2010,2HNYD18653H992264,Mauv
Ford,Thunderbird,2004,1N6AA0CH2EN751109,Goldenrod
Acura,Integra,2001,3TMJU4GN4BM343413,Crimson
Oldsmobile,LSS,1999,1N6AA0CC4FN690710,Fuscia
Porsche,928,1995,1G6DJ5E37C0602156,Teal
Scion,tC,2009,19VDE3F72DE460145,Fuscia
Honda,Insight,2005,WDCGG5GB4BF803760,Violet
Volkswagen,GTI,1992,WBALM535X9E919877,Violet
Dodge,Caravan,2005,SCFEBBBCXAG984268,Indigo
Nissan,NX,1992,1GYEC63N75R425171,Goldenrod
Honda,Pilot,2008,JTJBC1BA2D2023301,Goldenrod
Chevrolet,Avalanche,2009,5UXFA13564L104824,Green
Honda,CR-X,1984,1G6KD57Y06U396330,Goldenrod
Pontiac,Fiero,1988,WDDLJ7GB7FA075362,Violet
Mercury,Grand Marquis,2000,YV4612HK9F1270143,Violet
Mazda,RX-8,2010,3GYFNEE32CS487107,Fuscia
Volvo,XC60,2012,WAUWGAFC9EN636856,Goldenrod
Subaru,Impreza WRX,2011,1G6KD57Y47U731221,Puce
Nissan,Sentra,2004,WAUKF98E37A322872,Yellow
Infiniti,G,2004,1G4PP5SK4C4078683,Turquoise
Mercedes-Benz,S-Class,1991,5TFBY5F18BX330767,Yellow
GMC,Yukon XL 1500,2008,2G4GT5GRXC9023587,Teal
Dodge,Caravan,1998,1FTNS2EW9AD850001,Puce
Mitsubishi,Eclipse,2001,SCFAD02A06G824497,Maroon
Suzuki,X-90,1998,TRUWC28N321496220,Red
Pontiac,Trans Sport,1996,3GYEK62N85G983700,Violet
Mazda,RX-7,1989,WBAUL7C55DV671890,Violet
Lincoln,Mark VII,1984,KNALU4D44F6595265,Purple
Acura,TSX,2006,JH4CW2H6XCC811810,Puce
Buick,Lucerne,2007,4USBT33454L994093,Purple
Chevrolet,Citation,1980,KNAFT4A24A5082745,Teal
Chevrolet,Avalanche 1500,2006,WA1UFAFL3DA549676,Teal
Chrysler,Town & Country,2007,JHMZE2H30CS826762,Fuscia
Mercury,Monterey,2004,1HGCP2E30BA134772,Indigo
Ford,Expedition,2005,TRUWC28N421050805,Violet
Mazda,Protege,2001,WAUSH98E46A041138,Fuscia
Volkswagen,Golf,2011,WAUAFAFH1BN331484,Mauv
Chevrolet,Express 1500,1998,WDDGF4HB1ER734391,Khaki
Ford,E150,2006,WBA3N5C58EF632037,Khaki
Chevrolet,G-Series 1500,1998,JTDJTUD30ED803298,Aquamarine
Pontiac,Firebird,1991,WAUBGAFB0AN666196,Green
Mercedes-Benz,C-Class,2008,WBABW53454P916167,Teal
Mitsubishi,Challenger,2004,1FTSW3B58AE280821,Teal
Chevrolet,Venture,1997,SCFAB01A68G947814,Mauv
Chevrolet,Silverado 3500,2005,JM3KE2BE5F0108399,Goldenrod
Kia,Spectra,2005,WAUVT64B63N782546,Mauv
Volkswagen,Fox,1988,JTHBL5EF2A5875318,Blue
Toyota,Tacoma Xtra,2002,5XYZT3LB1DG662036,Fuscia
Buick,Skylark,1985,3VWKP7AJ0DM426985,Aquamarine
Morgan,Aero 8,2009,5GADV23L35D694804,Yellow
Chrysler,Cirrus,1999,KNAFT4A29A5565213,Aquamarine
Pontiac,Sunfire,2003,1GYS3FEJ2BR336584,Maroon
Volkswagen,New Beetle,2001,5GAKVCED4CJ933326,Yellow
BMW,5 Series,1999,WA1LMBFE9AD949065,Aquamarine
Mercedes-Benz,CL-Class,2004,WBAYA8C51DD649193,Puce
Lexus,GS,2010,JTJBC1BA0E2546995,Yellow
Mitsubishi,Montero,2005,SCBBR53W668148971,Purple
Audi,Q5,2009,WAUWFAFR9EA741895,Violet
Ford,Flex,2011,WBAVB73537K622653,Yellow
Chevrolet,Camaro,1999,3C63D3CLXCG114555,Green
Volkswagen,Passat,2012,1G4CU541934949802,Indigo
Buick,Century,2002,JN8AS5MT6DW349655,Puce
Aston Martin,Vantage,2006,3VW1K7AJ2CM025348,Blue
Bentley,Continental Super,2010,3GYEK63N43G997069,Purple
Mitsubishi,Galant,1996,WAUJ2AFD8FN406468,Violet
Pontiac,Bonneville,1965,5XYZG3AB7BG795405,Crimson
Chevrolet,Sportvan G10,1993,SCBLE37G36C978862,Aquamarine
Chevrolet,Blazer,1994,WA1CMAFE9CD111132,Violet
Lexus,ES,1994,1GYUKHEFXAR210832,Fuscia
Ford,Econoline E150,1999,JN8AE2KP5B9172698,Indigo
Subaru,Legacy,2011,1FTSX2A59AE506096,Red
Dodge,Daytona,1984,2FMDK3AK3BB259556,Puce
Audi,A6,2002,1G4HP54K254102094,Turquoise
Saab,9-3,2011,JN8AZ2NC0E9547995,Violet
Chevrolet,Cavalier,1999,1G6KD57Y03U879280,Teal
GMC,Sierra 2500,2011,WDDEJ7GB2CA180783,Pink
Toyota,Camry Hybrid,2008,1GYS4SKJ0FR333733,Fuscia
Mitsubishi,Truck,1989,JN1CV6FEXCM099351,Teal
Alfa Romeo,164,1992,1GYS4JEF0BR386430,Goldenrod
Ford,Taurus,2001,JH4DB76571S931414,Purple
Lamborghini,Diablo,2001,1C3CDFBB0FD555748,Green
Ford,F150,1995,JN1CV6AP0BM218452,Green
Ford,Mustang,1992,WDCGG0EBXFG927845,Turquoise
Audi,S6,2002,WA1YL54B75N385046,Purple
Buick,LeSabre,1985,WBAET37402N871099,Crimson
BMW,3 Series,1995,19VDE3F37DE319536,Pink
Toyota,4Runner,1996,1G6AY5SX3E0746862,Orange
Hyundai,Tiburon,2005,WBAYF8C51ED790669,Puce
Chevrolet,Corvette,1962,SCFEFBBC2AG654404,Teal
Pontiac,Grand Prix,2008,WAUCVAFR3AA832225,Puce
BMW,Z4 M Roadster,2009,3VW1K7AJ1BM901471,Teal
Mazda,323,1993,2T1BPRHE9EC278479,Puce
Ford,Explorer Sport Trac,2008,WAUR4AFD2CN034747,Maroon
Oldsmobile,Cutlass,1999,WAUDG58E05A644008,Mauv
Mitsubishi,Mighty Max Macro,1993,WBAKF5C59DE689828,Orange
BMW,X5,2011,1G6DP57VX90663748,Turquoise
Chevrolet,Malibu,1997,WBAAZ33433P330900,Puce
Mercury,Mariner,2006,3N1CN7AP1FL914176,Aquamarine
Dodge,Ram 1500,2001,WBA3B1G54EN102777,Purple
Pontiac,Bonneville,1991,19UUA9F26AA525346,Fuscia
Pontiac,LeMans,1991,19UUA76697A642175,Red
Chevrolet,Corvette,1997,2C3CCARG4FH303902,Purple
Mazda,B-Series,1997,WBA3R1C58EF289274,Fuscia
Volkswagen,Passat,2012,19UUA75677A433048,Khaki
Cadillac,STS-V,2008,KMHDB8AE6CU143662,Mauv
Nissan,Armada,2009,WBAEA5C59AC360548,Indigo
Audi,5000S,1984,4USBT53565L659706,Mauv
Mercury,Tracer,1996,JHMZE2H35CS980691,Puce
Tesla,Roadster,2012,5N1AR2MM8FC123809,Teal
Honda,Accord,1988,1G6DS5E37D0511340,Red
Mazda,626,2000,WAUDF78E98A750556,Pink
Maserati,228,1990,WVGEF9BP5ED449379,Fuscia
Dodge,Shadow,1993,JTHHP5BC8F5535476,Aquamarine
BMW,M3,2002,WAUBGAFC2CN580044,Indigo
Hyundai,Accent,2011,WBALM7C58DE020942,Teal
Chevrolet,Avalanche,2010,WAULD64B53N517086,Mauv
GMC,Sierra 1500,2000,WBAWL13558P484634,Maroon
Chevrolet,Tracker,2004,1C4AJWAG9EL777086,Red
Jeep,Cherokee,1994,WDDNG7DB8DA125470,Orange
Volkswagen,Eos,2012,NM0GE9E78F1621626,Fuscia
BMW,X6 M,2010,WBAFR7C54BC937013,Indigo
Mazda,Mazda6 5-Door,2006,1G6KE57Y73U870718,Maroon
Mitsubishi,Pajero,1996,TRUSX28N121081643,Blue
Porsche,911,2009,1G6AU5S80F0936981,Crimson
Audi,90,1994,1FTFW1E83AF562452,Goldenrod
Aston Martin,Vanquish S,2006,WBABN33483P861395,Teal
Oldsmobile,Silhouette,1992,SCFEBBCFXBG073626,Green
Toyota,Matrix,2011,WAULL44E56N574281,Puce
Honda,Civic,1994,5N1AN0NW0EN898513,Crimson
Mitsubishi,Galant,1996,3VW467AT8DM235571,Puce
Chevrolet,Silverado 3500,2010,WAUPEAFM6AA274151,Mauv
Buick,LaCrosse,2008,WAUAVAFA6AN493986,Turquoise
Chrysler,300M,2001,3C4PDCBB1FT974164,Mauv
Chevrolet,3500,1996,WBAPT7C54AC640103,Violet
GMC,3500,1992,5XYKT3A19CG425482,Red
BMW,530,2006,1GYS4GEF6DR053882,Blue
Mercedes-Benz,SLK-Class,2001,WAUJC58EX5A417214,Orange
Mercedes-Benz,300SE,1993,1FTWW3A54AE793681,Purple
Ford,Escort,1991,5N1AT2ML0FC881958,Indigo
Dodge,Dakota Club,1993,2HNYD18206H045148,Turquoise
Mitsubishi,Eclipse,1996,WAUAH74FX8N669943,Violet
Infiniti,G37,2009,1G6DV5EP6C0577175,Purple
Ford,Mustang,1968,KNADH5A30A6621833,Aquamarine
GMC,Yukon XL 2500,2002,JHMFA3F20BS288061,Orange
Mercedes-Benz,CLK-Class,2004,WVGDP9BP2ED734680,Blue
GMC,Safari,1999,5GALVCED8AJ024605,Mauv
Ford,Ranger,1992,2C3CA6CT1BH102915,Orange
Dodge,Dakota,1995,WUARL48H57K606332,Mauv
Mercedes-Benz,SL-Class,1987,1G4HC5EM4AU647168,Green
GMC,Sierra Hybrid,2006,1GD11XEG0FF553488,Fuscia
Infiniti,G,2009,WBS3C9C58FJ628738,Red
Volkswagen,Type 2,1990,JN8AE2KPXB9973112,Aquamarine
Nissan,NX,1993,WA1LFAFPXCA344451,Teal
GMC,3500,1992,1G6YV36A675404135,Blue
Dodge,Durango,2006,JHMFA3F20AS667141,Puce
Audi,Cabriolet,1997,WBAYF4C59DD903484,Maroon
Chevrolet,2500,1993,JN1AZ4EH0DM395525,Violet
Mazda,Mazda6,2010,WAUCD54B64N287246,Green
Chrysler,200,2012,WDCGG5GB3BF789544,Turquoise
Honda,Accord,2010,1N6AD0CW1EN137996,Puce
Porsche,911,1985,WAUSF98K69N624948,Maroon
GMC,Sonoma,2004,WBANV13548B157497,Turquoise
GMC,Jimmy,1997,WAUDG98E16A578156,Green
Cadillac,DTS,2011,WAUMR94E79N660549,Blue
Dodge,Caravan,2002,WBAWV53507P209477,Violet
Volkswagen,Corrado,1994,4T1BF3EK0AU743542,Yellow
Chevrolet,Silverado 2500,2001,2D4JN1AG5BR292652,Indigo
Mercedes-Benz,Sprinter 2500,2011,5TFCY5F12CX379145,Green
Volvo,XC70,2011,WBAKG1C56DJ204896,Red
Toyota,Camry,2001,1GYS3CKJ0FR309375,Turquoise
Mazda,929,1989,WAUEF98E76A808371,Crimson
Maserati,Spyder,2005,WAUMGAFL6DA825137,Red
Toyota,Matrix,2008,YV126MFD2F2097556,Puce
Pontiac,Bonneville,1987,1GYS4TKJ7FR667313,Green
Lamborghini,Gallardo,2008,YV1612FH3D1832023,Mauv
Maybach,57,2005,3MZBM1K76FM559004,Maroon
Hyundai,Genesis,2011,WBA3B3G58DN910382,Yellow
Subaru,Leone,1987,2C3CCAJG1DH947799,Fuscia
Dodge,Viper,2008,WP0AB2A94FS105872,Maroon
BMW,325,2006,2T2BK1BA1CC265689,Crimson
Buick,LeSabre,1988,WAUHE78P99A144035,Fuscia
GMC,Yukon,1997,JH4DC53836S660648,Puce
Cadillac,Escalade,2006,JN8AF5MR9FT564816,Orange
Geo,Metro,1994,3VWKX7AJ6CM670428,Khaki
Ford,E-Series,1990,1G6KS54Y61U521866,Green
Hyundai,Accent,2007,WAULL44E96N599765,Turquoise
Ford,Explorer,1993,WAUDG74F15N425383,Pink
Mazda,Mazda6,2010,3C6JD7DP4CG981062,Fuscia
Maybach,57,2009,SCBZB25E02C414689,Aquamarine
Jaguar,XK Series,2000,1N6AA0EC9FN492296,Puce
Lincoln,Mark LT,2007,WAULFAFRXAA939026,Goldenrod
Mazda,626,2002,1G6DJ577190671045,Maroon
Chrysler,Sebring,1998,JH4DC53823S120722,Red
Honda,Element,2003,WAUKFAFL6BA648452,Mauv
Subaru,Leone,1988,SCBFT7ZA5FC820459,Pink
Nissan,Versa,2009,1FMJK1HT7FE853311,Mauv
Dodge,Caliber,2007,19XFB4F28DE696737,Yellow
Chevrolet,Express 3500,1999,WAUNF78P18A867635,Puce
Porsche,911,1993,WAUDH74F18N979489,Pink
Ford,Focus,2004,KMHEC4A41DA145727,Violet
Mitsubishi,GTO,1994,SCFAD02E09G736265,Khaki
Honda,del Sol,1996,1G6AK5SX6D0996841,Blue
Chevrolet,Aveo,2009,5NPEB4AC4CH351789,Crimson
Plymouth,Breeze,1996,JN8AZ2KR6AT861690,Aquamarine
Mitsubishi,Expo LRV,1996,1FTWF3A51AE305853,Maroon
Mercury,Montego,2006,1G4HP52KX3U231667,Yellow
Chrysler,Concorde,2000,JH4CU4F46CC630271,Khaki
Infiniti,Q,1992,JN8AZ2KR1DT922187,Mauv
BMW,5 Series,1998,3VWKZ8AJ2BM805676,Khaki
Mitsubishi,Pajero,1991,1GYS3FEJ2CR279191,Purple
Lexus,LX,1996,1C3BC4FB9BN411407,Goldenrod
Chrysler,200,2012,JN8AF5MR6DT640327,Violet
Subaru,Impreza,2005,WAUJC58E02A987119,Indigo
Lincoln,MKX,2013,WBAPL5C56BA117148,Orange
Hyundai,Santa Fe,2010,KMHGH4JH1DU344773,Blue
Hyundai,Equus,2011,5N1AA0NC9FN161412,Mauv
Jeep,Compass,2012,3D73M4ELXBG507259,Teal
Lexus,GS,2000,2C3CDZBT5FH471471,Crimson
GMC,2500 Club Coupe,1995,4T1BF3EK5AU200767,Goldenrod
Subaru,Outback,2008,3VWML7AJ5DM376654,Teal
Toyota,Sienna,2005,1D4RD4GG7BC141366,Maroon
Buick,Rendezvous,2004,5N1AR2MM8FC289618,Orange
Toyota,4Runner,2004,JM1DE1KY9C0241894,Indigo
Buick,Verano,2012,SCFEDCADXCG502489,Blue
Nissan,Leaf,2011,JTMHY7AJ0B5720822,Red
Lincoln,Mark VIII,1997,3VW467AT9CM120069,Fuscia
Chevrolet,Corvette,1956,JTHFF2C25F2641884,Aquamarine
Ford,Ranger,1998,WAUWKAFR2AA136381,Blue
Suzuki,Swift,1997,1G6DW67V080359349,Green
Suzuki,SJ,1994,WAULD54B72N932371,Fuscia
Ford,F150,1994,WAUAT48H23K095695,Blue
Mitsubishi,Truck,1995,2T1BPRHE1EC947747,Orange
Kia,Amanti,2005,3GYFNDEY6AS879462,Turquoise
Pontiac,Firefly,1991,JH4DC53836S288101,Puce
Mercury,Sable,1991,WBAKG1C51CJ711459,Indigo
Ford,Festiva,1989,WAUWFAFR7EA833894,Turquoise
Toyota,RAV4,2004,JM1GJ1T67F1753769,Maroon
Chrysler,Town & Country,2008,JH4DC53816S001497,Purple
Lincoln,Navigator L,2009,19UUA56882A771667,Purple
Aston Martin,DBS,2010,WBAUL7C50DV022496,Turquoise
Mercury,Tracer,1993,19UUA96239A016763,Violet
Isuzu,Axiom,2002,5UXFE8C53AL152449,Green
Buick,LeSabre,1985,2HNYD28808H487103,Blue
Pontiac,G3,2009,WBSBR93481E992192,Violet
Land Rover,Discovery,2010,1FTEX1E83AF265433,Fuscia
Pontiac,GTO,1968,1G6DC1ED3B0040654,Orange
Chevrolet,Cavalier,1993,1FTEW1CF3FF660126,Yellow
Volkswagen,GTI,2011,5UXKR0C59F0056077,Goldenrod
Mazda,CX-7,2012,KMHGH4JH0FU591270,Mauv
Oldsmobile,Aurora,1996,1G6DK8EG7A0495964,Indigo
Infiniti,G37,2008,WAULD64B84N123020,Blue
GMC,Canyon,2004,1C6RD6MT4CS724566,Fuscia
Audi,S4,2008,SCFFDECN1CG078013,Puce
Scion,xA,2004,5N1AA0NC0DN984937,Blue
Lamborghini,Gallardo,2003,3D7LP2ET5BG353880,Khaki
Dodge,Ram 50,1993,1N6AA0EC8DN500224,Teal
Audi,S4,2000,WBABN33472J499660,Orange
Volkswagen,GTI,2012,WP0AB2A94AS481030,Teal
Aston Martin,V8 Vantage,2012,5TFBW5F11BX269204,Fuscia
Pontiac,GTO,1965,JTHFE2C26B2413423,Teal
Ford,F-Series,2011,3GYFK66N55G360081,Goldenrod
Mazda,MX-5,2010,WA1VMAFP5FA429006,Maroon
Buick,Century,1994,WBALZ5C5XCD713649,Crimson
Pontiac,Grand Am,1989,1FAHP3FN6AW252309,Indigo
Pontiac,Sunfire,1995,KMHHT6KD3AU827090,Maroon
Plymouth,Laser,1990,WAUHE78P89A485278,Pink
Audi,A8,2007,2FMGK5BC8BB691575,Blue
Dodge,Ram Wagon B250,1993,WAULT58E93A132431,Mauv
Scion,xB,2009,1D7CW3GK6AS413251,Indigo
Jeep,Grand Cherokee,2011,JN1CY0APXAM035126,Green
Ford,Expedition,2001,WP1AA2A28EL128856,Turquoise
Ford,Expedition,2003,WAUK2AFD0FN256361,Teal
Infiniti,G,1996,1GD120EG8BF860504,Pink
GMC,Rally Wagon 2500,1993,1N4CL2APXBC281579,Teal
Chevrolet,Malibu,2010,WBAYM9C56ED024948,Turquoise
Subaru,Impreza,2002,JN8AZ2KR1DT103311,Puce
Chevrolet,1500,1994,WBADR63411G210962,Blue
Mitsubishi,Galant,2000,WBA1J7C55FV014275,Blue
Ford,Explorer,2010,KMHDB8AE2AU409935,Crimson
Ford,Ranger,2008,WAUSH98E87A723733,Teal
Dodge,Grand Caravan,1995,WAUBNAFBXAN265731,Purple
Volkswagen,Cabriolet,1996,WBAEJ13433A257690,Goldenrod
Mitsubishi,Pajero,2006,SCBGT3ZA1DC084792,Blue
BMW,545,2004,WAUPEBFM3CA615840,Orange
Mazda,RX-7,1984,1D7RV1GTXBS452954,Blue
Pontiac,Torrent,2008,WAUBF98E88A814704,Puce
Ford,E-350 Super Duty Van,2006,WAUJC58E54A218554,Teal
Oldsmobile,Regency,1998,19VDE1F7XDE831377,Fuscia
Maserati,GranTurismo,2010,19UUA75587A804046,Aquamarine
Scion,xD,2008,WAUEF78E67A945405,Goldenrod
Ford,Mustang,1995,WBAKB4C55CC856332,Purple
Lincoln,MKS,2009,2G4WD582681665076,Maroon
Dodge,Nitro,2007,WBADX7C52DP489184,Turquoise
MINI,MINI,2002,1N6AF0KX5FN114291,Goldenrod
Mazda,CX-7,2010,1GYFK56299R548396,Violet
Saturn,VUE,2007,1FTFW1E81AF123279,Puce
Ford,Econoline E350,1993,JH4CU25659C867690,Maroon
Honda,Element,2004,2G4GT5GR9C9720278,Turquoise
Toyota,Prius,2004,NM0KS9BN1AT615735,Violet
Chevrolet,Tracker,2001,WAUBVAFA8AN544795,Maroon
Buick,Regal,1993,WBAFU9C5XCD954016,Green
Mazda,B-Series,2004,1N6AA0CC9AN169815,Yellow
Dodge,Sprinter,2006,1ZVBP8AM1C5175561,Khaki
Mercury,Tracer,1991,WAUFMBFC2EN691714,Aquamarine
Toyota,Avalon,2001,4A4AP3AU0FE886411,Goldenrod
GMC,Safari,2004,KNADM4A39C6829928,Purple
Hummer,H3,2007,KMHTC6AD0CU363996,Yellow
Audi,A6,2002,WBSBR93493P925737,Indigo
Ford,F-Series,2008,WAUMF98K19A274502,Teal
Toyota,Highlander,2011,JN8AZ2KR9BT984966,Puce
GMC,Jimmy,1995,3C3CFFBR9ET669831,Puce
Dodge,Caravan,2008,SCFAD02A37G767746,Blue
Hyundai,Accent,2005,WBS3R9C59FK453778,Violet
Porsche,924,1988,WBAEN33403P219072,Mauv
BMW,7 Series,2002,WAUKG98E96A707798,Teal
Ford,Fusion,2006,KL4CJCSB2FB616462,Indigo
Toyota,Echo,2003,1GYS3RKJ1FR624950,Blue
Ford,Expedition,2001,WBA3B5G5XDN570518,Red
Chevrolet,Silverado 2500,2009,5J8TB1H57CA203643,Teal
Rolls-Royce,Phantom,2011,1GD01ZCG4CF755790,Blue
Nissan,Quest,1997,JH4KB16668C366400,Indigo
Nissan,Maxima,1999,3VWJX7AJ3AM851494,Blue
Chevrolet,Silverado 1500,2000,2HNYD18853H556919,Green
Buick,Park Avenue,1998,3GYFNAEY5AS460565,Turquoise
BMW,M3,2012,4A31K2DF3AE326790,Goldenrod
Mitsubishi,3000GT,1999,3D73M3HL2BG008719,Mauv
Hyundai,Santa Fe,2004,WAUVF98K09A496811,Goldenrod
Buick,Skylark,1994,WA1CGBFEXED073698,Violet
Infiniti,G37,2012,WBAUL73569V064162,Pink
Chrysler,300,2005,WBA6B8C5XFD841932,Goldenrod
Infiniti,FX,2010,1N6AA0CH1DN947850,Aquamarine
Volkswagen,New Beetle,2004,2C3CA4CD0AH886600,Turquoise
Suzuki,Samurai,1992,1N4AA5AP9DC067037,Indigo
Chevrolet,Suburban 2500,1998,WAULD54B03N559496,Yellow
Toyota,Celica,1992,JM1BL1K5XB1397163,Purple
GMC,Envoy,2005,WBAVT13576A385146,Purple
Mitsubishi,Pajero,1994,WAUEFBFL9EA515529,Maroon
Lexus,LS,2005,2T1BPRHE1EC674521,Blue
Porsche,Panamera,2013,1D7CW3GK6AS113175,Green
Audi,80,1990,JTHBL1EF9D5569262,Crimson
Lincoln,Town Car,2005,SALWR2VF2FA909555,Maroon
Chevrolet,Express 3500,2010,1D4PU4GKXAW723440,Goldenrod
GMC,Vandura G3500,1995,5N1AA0NE6FN169873,Fuscia
Cadillac,Escalade,2006,JTJBC1BA5B2470914,Indigo
Geo,Tracker,1992,4A31K5DF9CE770650,Green
Volvo,V70,1999,3C3CFFCR2CT880350,Crimson
Subaru,Legacy,1989,WA1DGBFP5DA682364,Blue
Honda,CR-Z,2012,19UUA9F21DA523184,Yellow
Mercury,Villager,2002,1D4RE4GG8BC766274,Blue
Suzuki,Grand Vitara,2012,WAUAF98E16A670244,Indigo
GMC,Yukon XL 2500,2012,WBADT33493G745654,Puce
Pontiac,Sunfire,1999,2C3CDXCT7FH702857,Goldenrod
Ford,Flex,2013,55SWF4JB5FU174347,Blue
Dodge,Stratus,2005,5UXWX7C56E0945787,Pink
Ford,Aerostar,1993,JTEBU4BF2AK728930,Mauv
Ford,Windstar,2000,3D7TT2CT6BG035295,Yellow
Pontiac,Tempest,1961,5FRYD4H61GB726967,Fuscia
Kia,Sorento,2004,WAUSH78E58A990463,Yellow
Toyota,Celica,1983,JN8AE2KP0F9804514,Green
Ford,Escape,2006,JTDKN3DU0B0283740,Blue
Chrysler,Aspen,2007,WAUMGAFL7EA242187,Teal
Dodge,Dakota,2007,SCBZK25E23C568936,Blue
Subaru,Forester,2000,1GKKRNEDXEJ179788,Goldenrod
Nissan,Quest,2007,2FMDK3GC0BB623397,Mauv
Toyota,Avalon,2008,3FAHP0CG7BR002070,Indigo
Volkswagen,Passat,2010,1N6AF0LX4FN450495,Blue
BMW,Z8,2001,1G4PS5SK3E4803983,Pink
Chrysler,Sebring,2005,1G6DD1E34E0615904,Crimson
Corbin,Sparrow,2004,WAUBF48H67K655512,Khaki
BMW,Z4 M,2009,JN8AF5MR3ET767733,Red
Subaru,Forester,2006,SCFEBBCF5BG327307,Blue
Alfa Romeo,164,1995,WAUEFAFL8BA537477,Purple
Volkswagen,Golf,2010,2D4RN1AG9BR259060,Purple
Mazda,626,1991,5N1AT2MK5EC556843,Khaki
Buick,Coachbuilder,1993,5GAKVBKD8FJ978868,Fuscia
Ford,Ranger,1998,1D7RB1CP6AS526595,Crimson
Ford,Econoline E350,2001,1FTSW2B58AE287035,Teal
BMW,5 Series,2000,WP0CA2A8XDS468662,Mauv
Volvo,V50,2011,WAUDF98E76A710310,Indigo
Chevrolet,Cruze,2013,WAUHF98P07A249844,Crimson
Dodge,Ram Van 1500,1996,WA1BV94L87D774979,Violet
Infiniti,QX,2000,WBAWC33567P855875,Mauv
Volvo,S60,2012,19UUB3F79FA248592,Purple
Lotus,Exige,2008,5TDDCRFH5ES323717,Turquoise
Ford,Econoline E150,1999,3C4PDCEG4CT799752,Violet
Mercedes-Benz,S-Class,1999,WBAUP9C57DV470296,Pink
Mazda,Mazda6 5-Door,2006,1FMJK1HT5FE985774,Puce
Subaru,Legacy,2004,1D4RE3GG1BC524145,Red
Chevrolet,Silverado 2500,2007,SCBLC47J68C286623,Aquamarine
Mercedes-Benz,SLK-Class,2008,TRUWT28N021731866,Orange
Dodge,Challenger,2011,YV126MFB7F1773200,Pink
Lincoln,Continental,1986,1G6AA5RA2E0455291,Teal
Chevrolet,TrailBlazer,2003,WAUDH74F06N838782,Puce
Mercedes-Benz,E-Class,2007,3D4PG1FG8BT833963,Orange
Pontiac,Firebird,1967,WA1WKAFP7BA724502,Indigo
Cadillac,Eldorado,1997,1GYS4EEJ3DR323319,Violet
Aston Martin,V8 Vantage,2008,WAUAF98E26A775651,Purple
Honda,Insight,2000,4JGBB9FB2BA310496,Mauv
Mercedes-Benz,GLK-Class,2011,KL4CJHSB5FB851418,Fuscia
Mazda,B-Series Plus,1998,JA4AP3AU8CZ954086,Red
Oldsmobile,Bravada,1997,YV4952CF0D1880702,Teal
Chevrolet,Corvette,1960,KNALN4D79E5271353,Mauv
BMW,3 Series,2002,SCBLC37F34C515789,Orange
Jaguar,XK,2011,JN8AF5MR7ET052681,Puce
Buick,Rendezvous,2004,JTHBL1EF1E5580483,Green
Audi,80,1992,WA1EFCFSXFR084342,Teal
Chevrolet,2500,1992,SCBLF34FX4C368785,Purple
Toyota,4Runner,2005,1FTWW3CY7AE191395,Green
Ford,Flex,2009,5FRYD4H2XEB738027,Blue
Toyota,Sienna,1998,JN1AV7AP1FM095781,Maroon
Isuzu,i-350,2006,JM1NC2PFXF0632323,Puce
Ford,Expedition,2011,1C4NJPBA6ED296787,Orange
Acura,SLX,1998,1GYS4AEF1BR051855,Blue
Toyota,Tercel,1993,3D7TT2CT2AG468708,Green
BMW,M,2001,3GYFNJE46AS678995,Red
Chevrolet,Avalanche 1500,2005,SCBCR7ZA1AC257890,Mauv
Saab,900,1999,JN1CV6FE8AM545204,Orange
Mercury,Marauder,2004,2T1BU4EE6CC525308,Fuscia
Ford,Aerostar,1992,2C3CCAFJXCH659704,Fuscia
Plymouth,Grand Voyager,1996,YV1382MWXA2191992,Fuscia
Isuzu,Ascender,2005,3VW4S7ATXEM003647,Blue
Ford,Tempo,1986,1N6AA0EC3FN870841,Orange
Kia,Spectra,2000,1FTEW1E82AF262056,Green
Chevrolet,Lumina APV,1993,2HNYD28357H357000,Blue
Chevrolet,2500,1997,1N6AF0LY9FN925616,Orange
Audi,80,1990,WBAVC73548K783253,Fuscia
Mazda,MX-6,1993,1C3CDFAA7ED724154,Aquamarine
Lexus,LS,2007,1G4GD5GGXAF306989,Red
Mercedes-Benz,W123,1977,1GYUKHEF3AR599927,Fuscia
Mercedes-Benz,500E,1992,WBA6B2C53FD647529,Mauv
Toyota,Echo,2000,JM1NC2EF8A0225659,Aquamarine
Buick,Century,1984,WBA3T3C57EJ138372,Blue
Toyota,Sienna,2011,3D73M3CL0BG978883,Green
Dodge,Viper,2008,WAUJT54B44N673223,Purple
Land Rover,LR2,2011,1GYUCDEFXAR080170,Indigo
BMW,7 Series,1999,1N4AB7AP1EN566879,Turquoise
Volkswagen,Jetta,1986,JN1CV6AP9BM442237,Puce
Saturn,Outlook,2007,3N1AB7AP4FY032518,Crimson
CitroÃ«n,CX,1989,WDDHF5KB4FB497571,Green
Chevrolet,Corvette,1964,JN1CV6AP7AM281742,Teal
Chevrolet,S10,1997,WBAKX8C53CC821376,Khaki
BMW,Z4,2011,JN1CV6EKXFM560303,Aquamarine
Pontiac,Grand Prix,1994,WAUGL68E15A985920,Blue
Dodge,Nitro,2011,WAU2GBFC2DN736395,Green
Nissan,Armada,2006,KMHGC4DD4CU280184,Orange
Chevrolet,Caprice,1983,WAUDT74F15N113060,Aquamarine
Jeep,Grand Cherokee,2008,WBAYM1C58FD964798,Yellow
Mercury,Grand Marquis,2003,3VW217AU9FM662369,Mauv
Holden,VS Commodore,1995,5N1AL0MM2DC503733,Maroon
Hyundai,Azera,2011,JN8AE2KP5E9910021,Turquoise
Saab,9000,1988,2FMDK3GC3AB101491,Crimson
Jeep,Wrangler,2006,JTJHY7AX9F4005955,Turquoise
Isuzu,Amigo,1999,JHMZE2H5XAS332407,Red
Ford,Thunderbird,2005,1GYS3AEF9CR343273,Puce
Subaru,Impreza,2000,1G6KF57922U298302,Indigo
Oldsmobile,Ciera,1996,JTDKN3DP9E3887252,Teal
Chevrolet,Impala,2012,3D73M4HL4AG246687,Green
Mazda,MX-3,1995,JH4KB16507C232035,Turquoise
Subaru,Leone,1986,WAUET48H95K897519,Teal
Volvo,XC60,2011,WAUAFAFL0CA383458,Goldenrod
Geo,Tracker,1993,JH4DC54874S462876,Maroon
Toyota,Previa,1996,1D7RE3GK0BS133744,Mauv
Ford,Club Wagon,1998,1GYEC63T42R083351,Yellow
Subaru,Impreza,1995,WVGEF9BP6ED802647,Goldenrod
Bentley,Arnage,2008,JHMZE2H52ES036447,Fuscia
Dodge,Challenger,2008,WP0AB2A95BS421811,Yellow
Kia,Spectra,2002,1GYFC66858R162483,Puce
Lincoln,Continental,1988,1G6DM1ED3B0501865,Red
Honda,Prelude,2001,1FTEW1E87AK534205,Blue
BMW,X5,2006,WVWED7AJXCW785364,Crimson
Land Rover,Range Rover Sport,2006,1GKS1FFJ9BR835851,Yellow
Spyker,C8 Laviolette,2004,2T1KE4EE5DC381927,Goldenrod
Mazda,Mazda6,2003,1FT7W2A60EE753109,Khaki
Volvo,C70,2006,3D7TT2CT3AG290937,Blue
Chevrolet,Impala,2008,JTEBU4BF9BK286388,Teal
Suzuki,Grand Vitara,2000,1GYUKKEF1AR049249,Goldenrod
Hyundai,Tucson,2005,ZFF75VFA6F0624330,Green
Honda,Civic,1995,YV1672MW9B2851425,Maroon
Geo,Tracker,1996,1FM5K7B82EG606418,Crimson
Pontiac,Grand Prix,1978,WBAVA33597P877239,Aquamarine
Ford,E-Series,2002,2C4JRGAGXDR203679,Fuscia
Mercury,Cougar,1994,1G6DA1E32E0359352,Puce
Dodge,Ram 1500 Club,1996,19UYA427X3A655185,Fuscia
Buick,Enclave,2010,3D73M4CLXBG103123,Blue
Chevrolet,Cavalier,1992,1FTWW3DY5AE981020,Mauv
Mercedes-Benz,C-Class,1994,1FTEX1CM1BF475546,Red
Hyundai,Sonata,1994,JM1NC2JF0C0080710,Teal
Acura,TSX,2004,JTDKN3DP4D3593157,Indigo
Cadillac,XLR,2006,JHMZE2H54DS555319,Red
Cadillac,Escalade,2009,WBSDX9C56DE174648,Goldenrod
Toyota,Tacoma Xtra,2001,2G4GN5EK5C9781109,Red
Pontiac,GTO,1974,WBAFU9C53DD266280,Red
Ford,Escort,1997,JN1CV6FE9DM939525,Green
Chevrolet,G-Series G10,1995,WBAYF8C54FD579645,Crimson
Volkswagen,Fox,1988,1GYS4HEF7ER315884,Blue
Jeep,Grand Cherokee,1996,1GYUCHEF6AR053362,Turquoise
Mercedes-Benz,SL-Class,1984,WBSWD93588P382137,Goldenrod
Pontiac,Grand Am,1993,3VW8S7AT5FM630999,Indigo
Mercury,Grand Marquis,2010,19UYA42563A724016,Yellow
Lamborghini,Diablo,1993,5N1AT2ML0FC019369,Turquoise
Honda,Fit,2012,JTEBU5JR2E5120671,Red
Mitsubishi,Tredia,1985,5TDBY5G13ES635327,Red
Pontiac,Sunbird,1990,WBAET37455N545268,Green
Mitsubishi,Pajero,1993,YV1672MK3A2339963,Violet
Toyota,Celica,1994,2T1BU4EE3CC811794,Turquoise
Lexus,SC,2009,1GKS1EEFXCR727974,Blue
Lincoln,Continental,1986,2HNYD2H69DH051911,Indigo
Oldsmobile,Silhouette,2000,WAU2GAFC3CN286491,Green
Pontiac,Aztek,2002,WAUDFBFL4AN530244,Purple
Volkswagen,Golf,1993,SCBDU3ZA9CC852890,Turquoise
Chevrolet,Camaro,1967,1N6AF0LX5EN010252,Goldenrod
Suzuki,Sidekick,1995,WAUEFBFL4BN202800,Blue
BMW,760,2005,3C3CFFER4DT997474,Fuscia
Jeep,Grand Cherokee,2004,1C4NJPBA3CD238911,Indigo
Buick,Park Avenue,2000,1N6AD0CU5BC164012,Green
Jaguar,XK Series,1998,WBAUN93558V240476,Fuscia
Porsche,911,2006,JN1BJ0HR1DM093573,Teal
Aston Martin,V8 Vantage,2009,WVWAP7AN4DE696499,Purple
Mitsubishi,Challenger,1999,1N6AA0CA7AN051681,Red
BMW,3 Series,1993,JTHFE2C26D2903203,Puce
Chevrolet,Suburban 1500,2011,SALGS2TF6FA269720,Khaki
Subaru,Alcyone SVX,1996,WBAYM1C54DD934579,Aquamarine
Chevrolet,Suburban 2500,1993,2FMDK4KC8AB080540,Teal
Oldsmobile,88,1997,WAULC68E75A682476,Turquoise
Honda,Odyssey,2006,YV1952AS1D1069519,Red
Ford,Mustang,2000,1FTMF1C8XAK152295,Pink
Infiniti,G,1992,JTDJTUD30ED075112,Maroon
Chevrolet,Beretta,1995,SCFBB03B17G416271,Aquamarine
Mitsubishi,GTO,1992,2G4GR5EC5B9147696,Violet
Buick,LeSabre,1989,WBABS53491E091351,Red
Bentley,Azure,2010,5J6TF1H35DL194281,Blue
Hyundai,Elantra,2003,1G6AH5SX8D0470547,Puce
Toyota,Celica,2004,1G6AA5RX4E0495148,Purple
Cadillac,Eldorado,2001,5UXZV4C55D0224411,Maroon
Ford,Bronco II,1986,SCBFT7ZA5DC813640,Pink
Mercury,Mountaineer,2001,1GYS3AEF7CR424689,Green
BMW,X6 M,2013,WAURFAFRXEA980109,Fuscia
Ford,Five Hundred,2005,WBAXA5C56FD445390,Khaki
Mercedes-Benz,SLK-Class,2005,19UUA76647A065460,Green
MINI,Cooper Countryman,2011,WBAYM9C59ED232466,Indigo
Volkswagen,Passat,2000,JN1AV7AP2FM221078,Orange
Saab,900,1985,2G4GS5ER3D9105359,Yellow
Subaru,Alcyone SVX,1995,19UUA9F28BA838917,Green
Chevrolet,Malibu,2005,1G6KA5E62BU045665,Fuscia
GMC,Vandura 1500,1994,1GYS4HEF5ER925427,Orange
Jeep,Liberty,2002,YV1902FH3D1650550,Yellow
Lexus,RX Hybrid,2006,WAUYGAFCXDN766863,Crimson
GMC,Yukon,2009,WA1LMAFE3ED915817,Goldenrod
Mazda,B-Series,1994,JN1CV6EK7FM641193,Indigo
Dodge,Intrepid,2002,1GYS3CEF2CR674384,Goldenrod
Subaru,Outback,2004,2B3CK2CVXAH867172,Turquoise
Ford,Focus,2010,JH4DC53843S782334,Orange
Toyota,RAV4,2001,WAUKD98P77A302065,Puce
Toyota,Camry,1992,WBABD33455P578118,Blue
Dodge,Avenger,1998,5YMGY0C57DL669151,Blue
Chevrolet,Colorado,2006,2B3CL3CG4BH152099,Purple
Saturn,S-Series,1995,WAUNF78P28A950555,Maroon
Toyota,T100 Xtra,1997,WBAUP73558V659524,Goldenrod
Lexus,LS Hybrid,2010,WAULV94E98N684423,Indigo
Cadillac,Escalade,2003,1C3CDFBB2FD950045,Indigo
Volkswagen,Beetle,1965,3VWJX7AJ0AM537964,Pink
Volvo,C70,2006,1C3CDFDH7ED623804,Purple
Lincoln,Navigator L,2007,WAUDH48H69K703628,Maroon
Volkswagen,Golf,1985,3VWF17ATXFM094268,Mauv
Dodge,Intrepid,2002,1N4AL2AP0CN266599,Crimson
Hyundai,Elantra,1998,1GYFK43868R452467,Teal
Subaru,Impreza,2008,3D4PH5FV1AT263371,Fuscia
Volvo,850,1994,1G4GE5G30EF412898,Puce
Volkswagen,Jetta,1999,WBAGL63494D486620,Blue
Chrysler,Concorde,1999,5UXWX9C52DL094614,Orange
Chevrolet,Camaro,1995,5UXFH0C56AL248441,Puce
Plymouth,Sundance,1994,JTHFE2C29D2694314,Violet
Chevrolet,Cobalt,2008,WAUKD98P09A150925,Puce
Rolls-Royce,Phantom,2008,5TDDK3DC3FS908790,Mauv
Mitsubishi,Eclipse,2002,1N6AA0CCXEN513710,Blue
Mercedes-Benz,SLS AMG,2012,WBAEA53578C583536,Maroon
Isuzu,Rodeo,1993,2CTALMEC6B6671063,Yellow
Mercury,Topaz,1994,5NPE24AF7FH121646,Aquamarine
Ford,Econoline E250,2002,SCFBB04C19G102744,Yellow
BMW,X6 M,2012,YV126MFC1F1254930,Crimson
Mitsubishi,Chariot,1993,KNAFT4A25C5720925,Mauv
Ford,Econoline E250,2000,WBA3B1C52FP170409,Teal
Mitsubishi,Pajero,1992,SCFEBBAKXBG405306,Blue
GMC,Savana,2009,YV1672MW4B2937516,Puce
Volvo,V70,2006,2C3CDXEJXDH572193,Aquamarine
GMC,Yukon,2012,WAUD2AFDXDN843463,Crimson
Subaru,Impreza,2003,1GKS1KE04DR736374,Violet
Cadillac,STS,2008,WAUMFBFL0DN430677,Pink
Volkswagen,Cabriolet,1999,3G5DB03E02S679712,Goldenrod
Ford,Flex,2013,3D7JV1EP0AG588549,Mauv
Infiniti,EX,2012,WBA3K5C58EF009624,Turquoise
Mazda,626,1989,SALAB2D46CA956663,Aquamarine
GMC,Safari,1992,JTEBU4BF1DK420961,Teal
Subaru,Alcyone SVX,1995,5J6TF1H54EL497037,Maroon
Mazda,Mazda6,2004,1G6DE8EG0A0339689,Purple
Toyota,Land Cruiser,2008,1G6AL1R39F0745663,Green
Subaru,Impreza,2011,2G4WD582171498169,Pink
Kia,Sephia,1995,WBANE73546C465652,Turquoise
Subaru,Brat,1987,1G6AJ5S33E0286930,Blue
Volkswagen,GTI,2011,3N1CN7AP6FL736796,Crimson
Toyota,Land Cruiser,1993,1G6DV57V880447370,Fuscia
Pontiac,GTO,1968,19UUA9F57CA737623,Red
Ford,Taurus,1989,2T1BPRHE5FC523991,Red
Dodge,Ram 1500,2003,WAULC68E32A429456,Fuscia
BMW,6 Series,2009,WDDHF7GB9EB674974,Aquamarine
Subaru,Impreza,1994,WBA4B3C59FD293870,Green
Saturn,L-Series,2002,WAUUL58E45A158684,Khaki
Mercedes-Benz,C-Class,2005,JN1CV6AP6BM747940,Purple
Honda,CR-X,1985,WAUMV94EX8N859539,Goldenrod
Cadillac,CTS,2006,4JGDA0EB8FA664229,Khaki
Nissan,Pathfinder,1992,1FTWW3DY6AE733097,Aquamarine
Chevrolet,Suburban 2500,1997,WAUWFAFR5AA304065,Pink
Volkswagen,Jetta,1995,SCBGR3ZA4CC748497,Turquoise
Ford,Flex,2011,WAUFGAFB0AN507972,Teal
Hyundai,Sonata,1995,TRUSX28N711693358,Puce
GMC,Yukon,1992,WA1VKAFP5AA712830,Khaki
Kia,Sedona,2004,1G4GH5G37DF196375,Maroon
